관리번호(OBJECTID),국립공원관리번호(ID_CD),공원사무소코드(PO_CD),분류코드(CLASS_CD),일련번호(SEQNO),명칭_한글(KOR_NM),명칭_영어(ENG_NM),조망길이(VIEW_LENG),조망방위각(VIEW_AZ),고도(ELEVATION),경도(LONGITUDE),위도(LATITUDE),심볼코드(SYMBOL_CD),경관자원식별코드(SCENE_ID)
1,20106900001,201,690,1,장군봉 조망점,Janggunbong Peak Viewpoint,4745,62,743,127.2005634,36.35206979,X,20106010003
2,20106900002,201,690,2,쌀개봉 조망점,Saalgaebong Peak Viewpoint,1438,84,666,127.1937423,36.35061188,X,20106010005
3,20106900003,201,690,3,빈계산 조망점,Bingyesan Viewpoint,1982,110,418,127.2852052,36.33075539,X,20106010007
4,20106900004,201,690,4,갓바위 조망점,Gat Rock Viewpoint,323,91,529,127.2293935,36.36867129,X,20106020001
5,40106900001,401,690,1,귀떼기청봉 조망점,Gwittaegicheongbong Peak Viewpoint,1781,133,1448,128.3956072,38.1233009,X,40106010001
6,40106900002,401,690,2,가리봉 및 주걱봉 조망점,Garibong Peak and Jugeokbong Peak Viewpoint,4481,214,1391,128.3720925,38.1266698,X,40106010011
7,100107000000,1001,690,1,주산지 조망점,Jusanji Viewpoint,157,251,400.3500061,129.1910111,36.3632217,X,100106000000
8,100107000000,1001,690,2,욀외계곡 조망점,Woloe Valley Viewpoint,280,291,339.2099915,129.1301542,36.44199,X,100106000000
9,100107000000,1001,690,3,월외폭포 조망점,Woloe Falls Viewpoint,32,147,388.4899902,129.135728,36.441364,X,100106000000
10,100107000000,1001,690,4,용연폭포(3폭포) 조망점,Third Falls Viewpoint,61,283,380.1400146,129.1703109,36.4070819,X,100106000000
11,100107000000,1001,690,5,용추폭포(1폭포) 조망점,The first Waterfall Viewpoint,112,183,358.8299866,129.1653393,36.4009278,X,100106000000
12,100107000000,1001,690,6,학소대 조망점,Haksodae Viewpoint,50,255,367.3299866,129.1627134,36.3994472,X,100106000000
13,100107000000,1001,690,7,신선대 조망점,Shinsundae Viewpoint,51,153,328.5499878,129.162856,36.3996008,X,100106000000
14,100107000000,1001,690,8,급수대 조망점,Geupsudae Viewpoint,112,101,318.6600037,129.1588303,36.398275,X,100106000000
15,100107000000,1001,690,9,아들바위 조망점,Son Rock Viewpoint,22,145,294.6600037,129.1489635,36.3977406,X,100106000000
16,100107000000,1001,690,10,주왕계곡 조망점,Juwang Valley Viewpoint,157,25,288.8200073,129.1451521,36.3963978,X,100106000000
17,100107000000,1001,690,12,절골게곡 조망점,Jeol Valley Viewpoint,295,50,362.5599976,129.1839626,36.370485,X,100106000000
18,100107000000,1001,690,13,내기사 조망점,Naegisa Viewpoint,224,50,416.9100037,129.1810947,36.4401891,X,100106000000
19,100107000000,1001,690,14,왕거암 조망점,Wanggeoam Rock Viewpoint,19,318,940.6099854,129.2078329,36.4078388,X,100106000000
20,100107000000,1001,690,15,상탕 조망점,Sangtang Viewpoint,28,250,255.7799988,129.0905042,36.4397782,X,100106000000
21,100107000000,1001,690,16,신탕 조망점,Sintang Viewpoint,8,221,256.1199951,129.0858299,36.4387316,X,100106000000
22,100107000000,1001,690,17,중탕 조망점,Jungtang Viewpoint,8,159,251.9199982,129.0871935,36.4398692,X,100106000000
23,100107000000,1001,690,18,천탕 조망점,Cheontang Viewpoint,32,320,254.8600006,129.0878634,36.4402115,X,100106000000
24,100107000000,1001,690,19,하탕 조망점,Hatang Viewpoint,3,208,305.7600098,129.083676,36.4385769,X,100106000000
25,100107000000,1001,690,20,기암 조망점,Rocks Viewpoint,362,37,290.5499878,129.1457937,36.3970118,X,100106000000
26,100107000000,1001,690,21,연화봉 조망점,Yeonhwabong Peak Viewpoint,271,309,363.4299927,129.158315,36.3973146,X,100106000000
27,100107000000,1001,690,22,망월대 조망점,Mangwoldae Viewpoint,23,132,353.3500061,129.1584797,36.3972796,X,100106000000
28,100107000000,1001,690,23,병풍바위 조망점,Byeongpung Rock Viewpoint,280,16,363.4299927,129.158315,36.3973146,X,100106000000
29,100107000000,1001,690,24,금은광이 조망점,Geumeungwangyi Viewpoint,10,350,842.5599976,129.1622253,36.4190002,X,100106000000
30,100107000000,1001,690,25,대둔산 조망점,Daedunsan Viewpoint,169,250,919.960022,129.1609165,36.454192,X,100106000000
31,160107000000,1601,690,1,비로봉_죽망봉_연화봉 조망점,Birobong_Gungmangbong_Yoenhwabong Peak Viewpoint,1969,54,1371,128.4606222,36.9341153,X,160106000000
32,160107000000,1601,690,2,제2 연화봉 조망점,2nd Yeonhwabong Peak Viewpoint,1913,243,1372,128.4607454,36.934203,X,160106000000
33,190107000000,1901,690,1,금오봉 조망점,Geumohbong Viewpoint,1210,205,395.9100037,129.2287864,35.7973964,X,190106000000
34,190107000000,1901,690,2,고위봉 조망점,Gowibong Viewpoint,1048,214,445.8399963,129.2319717,35.7752694,X,190106000000
35,190107000000,1901,690,3,용장계곡 조망점,Yongjang Valley Viewpoint,118,98,133.8899994,129.2141026,35.7747655,X,190106000000
36,190107000000,1901,690,4,이무기바위 조망점,Yimugi Rock Viewpoint,319,326,441.7900085,129.2242841,35.7696138,X,190106000000
37,190107000000,1901,690,5,봉길해수욕장 조망점,Bonggil Beach Viewpoint,113,359,38.16999817,129.4837435,35.7400388,X,190106000000
38,190107000000,1901,690,6,우중골 조망점,Woojunggol Viewpoint,170,143,624.4299927,129.0702261,35.8014191,X,190106000000
39,190107000000,1901,690,7,입암산 조망점,Ipamsan Viewpoint,450,280,500.0100098,129.1099606,35.7876139,X,190106000000
40,190107000000,1901,690,8,단석산 조망점,Danseoksan Viewpoint,431,239,772.8200073,129.0929277,35.7968395,X,190106000000
41,190107000000,1901,690,9,구미산 조망점,Gumisan Viewpoint,1402,219,159.7200012,129.1460587,35.8945632,X,190106000000
42,190107000000,1901,690,10,소금강산 조망점,Sogeumgangsan Viewpoint,458,213,122.5400009,129.2348786,35.8635554,X,190106000000
43,190107000000,1901,690,11,옥녀봉 조망점,Oknyeobong Viewpoint,382,353,155.5,129.1762897,35.8526115,X,190106000000
44,190107000000,1901,690,12,송화산 조망점,Songhwasan Viewpoint,546,291,77.5,129.1961917,35.8493077,X,190106000000
45,190107000000,1901,690,13,선도산 조망점,Seondosan Viewpoint,817,192,133.3099976,129.1772296,35.8413528,X,190106000000
46,190107000000,1901,690,14,토함산 조망점,Tohamsan Viewpoint,26,285,710.75,129.3472354,35.8010622,X,190106000000
47,190107000000,1901,690,15,만호봉 조망점,Manhobong Viewpoint,1316,245,212.1100006,129.3346281,35.8231806,X,190106000000
48,190107000000,1901,690,16,용연폭포 조망점,Yongyeon Falls Viewpoint,18,265,202.7799988,129.3949668,35.842873,X,190106000000
49,200107000000,2001,690,1,백록담 서.남벽,Baekrokdam nambyeok,506,345,1635.060059,126.534022,33.3545513,X,200106000000
50,200107000000,2001,690,16,윗세오름,Witseohreum,300,120,1695.400024,126.5178768,33.3621693,X,200106000000
51,200107000000,2001,690,2,삼형제봉일대,Samhyeongjebongildae,4574,252,1573.5,126.5065248,33.3704046,X,200106000000
52,200107000000,2001,690,20,사제비오름,Sajebiohreum,1492,264,1573.5,126.5065248,33.3704046,X,200106000000
53,200107000000,2001,690,3,어리목계곡,Eorimok valley,447,290,992.4899902,126.4943974,33.3890937,X,200106000000
54,200107000000,2001,690,9,도순천계곡,Dosuncheon Valley,49,253,1311.420044,126.4968633,33.3528779,X,200106000000
55,200107000000,2001,690,19,어슬렁오름,Wanderedohreum,1471,284,1559.76001,126.4991985,33.3592741,X,200106000000
56,200107000000,2001,690,18,볼래오름,Bolraeohreum,1517,244,1560.449951,126.4992647,33.3592683,X,200106000000
57,200107000000,2001,690,17,한라산,Halla Mountain,1062,93,1694.22998,126.5177471,33.3619651,X,200106000000
58,200107000000,2001,690,14,백록담,Baekrokdam,262,303,1950.170044,126.5357034,33.3610267,X,200106000000
59,200107000000,2001,690,10,왕관바위,Crown rock,914,346,1918.780029,126.5351849,33.3633041,X,200106000000
60,200107000000,2001,690,6,장구목,Janggumok,977,289,1914.339966,126.5346841,33.3634778,X,200106000000
61,200107000000,2001,690,11,큰두레밭,Keundurebat,824,271,1525.689941,126.5306632,33.3766263,X,200106000000
62,200107000000,2001,690,15,삼각봉,Samgakbong,503,232,1525.689941,126.5306632,33.3766263,X,200106000000
63,200107000000,2001,690,7,탐라계곡,Tamla valley,1490,182,869.0700073,126.5403143,33.4010789,X,200106000000
64,200107000000,2001,690,4,사라악,Sarahak,140,338,1329.140015,126.5710711,33.3708434,X,200106000000
65,200107000000,2001,690,8,성널오름,Seongneolohreum,1846,76,1347.099976,126.5716935,33.370031,X,200106000000
66,200107000000,2001,690,12,동수악,Dongsuak,5272,101,1347.099976,126.5716935,33.370031,X,200106000000
67,200107000000,2001,690,13,논고악,Nongoak,3774,108,1347.099976,126.5716935,33.370031,X,200106000000
68,10106900001,101,690,1,왕시루봉 및 노고단 조망점,Wangsirubong Peak and Nogodan Peak Viewpoint,6242,171,1396,127.5467308,35.2962867,X,
69,10106900002,101,690,2,제석봉 조망점,Jeseokbong Peak Viewpoint,706,255,1837,127.7282743,35.3364743,X,
70,10106900003,101,690,3,중봉_하봉_두류봉_백석봉 조망점,,1872,6,1899,127.730391,35.337006,X,
71,50106900001,501,690,1,문장대 조망점,Munjangdae Rock Viewpoint,2801,344,1044,127.870838,36.5432388,X,
72,90106900001,901,690,1,노인봉 조망점,Moinbong Viewpoint,55,158,1366.599976,128.6398085,37.7826538,X,90106010004
73,90106900002,901,690,2,상왕봉 조망점,Sangwangbong Viewpoint,21,103,1521.930054,128.5556061,37.808631,X,90106010002
74,90106900003,901,690,3,비로봉 조망점,Birobong Viewpoint,2058,235,1522.22998,128.5555636,37.8086426,X,90106010001
75,90106900004,901,690,4,비로봉(원경) 조망점,Birobong Far Viewpoint,0,0,1570.5,128.5439723,37.8000441,X,
76,90106900005,901,690,5,상왕봉(원경) 조망점,Sangwangbong Far Viewpoint,0,0,1569.939941,128.5440017,37.8000282,X,
77,90106900006,901,690,6,호령봉(원경) 조망점,Horyeongbong Far Viewpoint,0,0,1586.52002,128.5435669,37.7943722,X,
78,90106900007,901,690,7,두로봉 조망점,Durobong Viewpoint,661,111,1410.459961,128.5850972,37.8149593,X,90106010009
79,90106900008,901,690,8,두로봉 조망점,Durobong Viewpoint,3875,115,1363.76001,128.6005624,37.7887255,X,90106010009
80,90106900009,901,690,9,동대산 조망점,Dongdaesan Viewpoint,69,129,1461.579956,128.599059,37.774157,X,90106010003
81,90106900010,901,690,10,식당암 조망점,Sikdangam Viewpoint,55,167,327.1499939,128.6898554,37.8054131,X,90106020002
82,90106900011,901,690,11,삼선암 조망점,Samseonam Viewpoint,27,135,341.8399963,128.6886558,37.8049256,X,90106020001
83,90106900012,901,690,12,구룡폭포 조망점,Guryongpokpo Viewpoint,36,161,379.5899963,128.6849272,37.8016161,X,90106040001
84,90106900013,901,690,13,세심폭포 조망점,Sesimpokpo Viewpoint,34,192,379.6300049,128.6853165,37.8026381,X,90106040006
85,90106900014,901,690,14,무릉계 조망점,Mureunggye Viewpoint,42,39,269.019989,128.7013728,37.8109266,X,90106090001
86,90106900015,901,690,15,십자소 조망점,Sipjaso Viewpoint,107,20,328.9500122,128.6947954,37.8074985,X,90106090002
87,90106900016,901,690,16,연화담 조망점,Yeonhwadam Viewpoint,64,176,321.1499939,128.6921457,37.8063054,X,90106090003
88,90106900017,901,690,17,노인봉정상 조망점,Noinbong Normal Viewpoint,0,0,1363.439941,128.6398136,37.7826636,X,
89,90106900018,901,690,18,황병산 조망점,Hwangbyeongsan Viewpoint,3322,310,1324.819946,128.6395266,37.7811966,X,90106010006
90,90106900019,901,690,19,계방산 조망점,gyebangsan Viewpoint,0,0,1609.130005,128.46551,37.7283393,X,
91,90106900020,901,690,20,16나한상 조망점,16 nahansang Viewpoint,0,0,936.6400146,128.564301,37.7867743,X,
92,90106900021,901,690,21,"동좌좌상,비로좌나불,재석천왕 조망점","Dongjwajwasang, Birojwanabul Viewpoint",0,0,932.9500122,128.5642667,37.7864889,X,
93,90106900022,901,690,22,명경대 조망점,Myeonggyeongdae Viewpoint,0,0,319.0299988,128.6915953,37.8061274,X,
94,90106900023,901,690,23,이승암 조망점,Yiseungam Viewpoint,0,0,330.019989,128.6903896,37.8057037,X,
95,90106900024,901,690,24,"구룡폭포(제7,8폭포) 조망점","Guryongpokpo(The 7,8 ryongpokpo) Viewpoint",0,0,376.5700073,128.6849926,37.8016578,X,
96,90106900025,901,690,25,"구룡폭포(제1,2,3,4,5,6폭포) 조망점","Guryongpokpo(The 1,2,3,4,5,6 ryongpokpo) Viewpoint",0,0,413.1400146,128.6851439,37.8010884,X,
97,90106900026,901,690,26,청심대 조망점,Cheongsimdae Viewpoint,212,89,368.5,128.6852166,37.802202,X,90106020005
98,90106900027,901,690,27,은선계곡 조망점,Eunseongyegok Viewpoint,0,0,367.7999878,128.6852124,37.802199,X,
99,90106900028,901,690,28,세심폭포 조망점,Sesimpokpo Viewpoint,49,121,367.519989,128.6852137,37.8021954,X,90106040006
100,90106900029,901,690,29,구룡폭포(제9폭포) 조망점,Guryongpokpo(9 ryong) Viewpoint,0,0,370.0100098,128.6846986,37.8018069,X,
101,90106900030,901,690,30,만물상 조망점,Manmulsang Viewpoint,246,187,464.6700134,128.6766233,37.7969747,X,90106020003
102,90106900031,901,690,31,일월암 조망점,Ilwolam Viewpoint,0,0,467.6600037,128.6766194,37.7969772,X,
103,90106900032,901,690,32,촛대바위 조망점,Chotdae Rock Viewpoint,0,0,482.6000061,128.6748959,37.7964596,X,
104,90106900033,901,690,33,백운대 조망점,Baekundae Viewpoint,50,86,510.2000122,128.6728205,37.7955572,X,90106020006
105,90106900034,901,690,34,삼폭포 조망점,Sampokpo Viewpoint,22,136,533.5300293,128.6716475,37.793132,X,90106040004
106,90106900035,901,690,35,광폭포 조망점,Gwangpokpo Viewpoint,256,66,597.2800293,128.6691628,37.7885507,X,90106040003
107,90106900036,901,690,36,사문다지 조망점,samundaji Viewpoint,0,0,661.4500122,128.6649065,37.7867139,X,
108,90106900037,901,690,37,낙영폭포 조망점,Nakyoungpokpo Viewpoint,187,186,830.4299927,128.6548986,37.7826536,X,90106040002
109,90106900038,901,690,38,소금강계곡 조망점,Sogeumganggyegok Viewpoint,0,0,369.269989,128.6844263,37.8018677,X,
110,90106900039,901,690,39,구룡계곡 조망점,Guryonggyegok Viewpoint,0,0,366.25,128.6846553,37.8017801,X,
111,90106900040,901,690,40,용수골 조망점,Yongsugol Viewpoint,7811,291,114.1200027,128.7211846,37.8427621,X,90106030001
112,90106900041,901,690,41,용수폭포 조망점,yongsupokpo Viewpoint,840,247,111.6999969,128.7206033,37.8426712,X,90106040005
113,90106900042,901,690,42,월정사 팔각9층 석탑 조망점,Woljeongsa 9 cheungseoktap Viewpoint,0,0,686.210022,128.5921437,37.7315833,X,
114,90106900043,901,690,43,오대산사고 조망점,Ohdaesansago Viewpoint,0,0,855.3900146,128.5726356,37.7564095,X,
115,90106900044,901,690,44,신설골 조망점,Sinseolgol Viewpoint,0,0,821.0700073,128.5766672,37.7781281,X,
116,90106900045,901,690,45,동피골 조망점,Dongpigol Viewpoint,0,0,783.5700073,128.5775876,37.766597,X,
117,90106900046,901,690,46,조개골 조망점,Jogaegol Viewpoint,741,201,736.1799927,128.5772595,37.7492178,X,90106020007
118,90106900047,901,690,47,북대골 조망점,Bukdaegol Viewpoint,0,0,703.6799927,128.5245276,37.8393042,X,
119,90106900048,901,690,48,개자니골 조망점,Gaejanigol Viewpoint,0,0,753.3599854,128.6192386,37.7381709,X,
120,90106900049,901,690,49,명주청학동 소금강 조망점,Myeongseong Cheonghakdong Sogeumgang Viewpoint,0,0,284.3299866,128.7010538,37.8112199,X,
121,90106900050,901,690,50,매봉 조망점,Maebong Viewpoint,202,56,1193.430054,128.7099778,37.7635986,X,90106010007
122,90106900051,901,690,51,열목어서식지 조망점,yeolmogeo Habitat Viewpoint,0,0,0,128.5230724,37.8398134,X,
123,90106900052,901,690,52,장군봉 조망점,Janggunbong Viewpoint,0,0,645.8300171,128.6069373,37.707295,X,
124,90106900053,901,690,53,백마봉 조망점,Baegmabong Viewpoint,3077,291,283.6700134,128.6483053,37.835647,X,90106010005
125,90106900054,901,690,54,송천약수 조망점,Songcheonyaksu Viewpoint,0,0,388.7399902,128.6297393,37.8108179,X,
126,90106900055,901,690,55,상원사동종 조망점,Sangwonsa dongjong Viewpoint,0,0,932.9699707,128.5642515,37.7862376,X,
127,90106900056,901,690,56,선녀탕 조망점,Seonnyeotang Viewpoint,229,236,470.5299988,128.6764096,37.7966718,X,90106090004
128,90106900057,901,690,57,적멸보궁 조망점,Jeokmyeolbogung Viewpoint,0,0,1216.069946,128.5562916,37.7897812,X,
129,90106900058,901,690,58,백마봉 조망점,Baegmabong Viewpoint,2697,334,350.5899963,128.6330747,37.8205261,X,90106010005
130,90106900059,901,690,59,진고개 조망점,Jingogae Viewpoint,369,16,987.2299805,128.6066256,37.7662689,X,90106060001
131,110107000000,1101,690,1,"할미,할아비바위 조망점","Halmi, Halahbi Rock Viewpoint",566,114,28.48999977,126.3343261,36.5016439,X,110106000000
132,110107000000,1101,690,2,안면도모감주나무군락 조망점,Anmyeondo goldenrain Querc Viewpoint,0,0,27.79000092,126.3360028,36.5046887,X,
133,110107000000,1101,690,3,백사장해수욕장 조망점,White Sandy Beach Viewpoint,183,268,22.37000084,126.3124102,36.5833361,X,110106000000
134,110107000000,1101,690,4,방포해수욕장 조망점,Bangpo Beach Viewpoint,620,296,24.42000008,126.3301824,36.5120215,X,110106000000
135,110107000000,1101,690,5,밧개해수욕장 조망점,Batgae Beach Viewpoint,212,236,28.09000015,126.3304408,36.5243438,X,110106000000
136,110107000000,1101,690,6,안면해수욕장 조망점,Anmyeon Beach Viewpoint,477,274,29.79999924,126.3287766,36.5495654,X,110106000000
137,110107000000,1101,690,7,두에기해수욕장 조망점,Duegi Beach Viewpoint,0,0,33.88000107,126.328069,36.5190655,X,
138,110107000000,1101,690,8,국사봉 조망점,Guksabong Viewpoint,434,67,36.93000031,126.3481236,36.4422899,X,110106000000
139,110107000000,1101,690,9,바람아래해수욕장 조망점,Below The Wind Beach Viewpoint,102,218,28.19000053,126.3769783,36.4127682,X,110106000000
140,110107000000,1101,690,10,연포해수욕장 조망점,Yenpo Beach Viewpoint,312,35,26.97999954,126.206686,36.6920518,X,110106000000
141,110107000000,1101,690,11,용굴 조망점,Yonggul Viewpoint,0,0,26.22999954,126.1566854,36.6840739,X,
142,110107000000,1101,690,12,수정굴 조망점,Sujeonggul Viewpoint,0,0,31.03000069,126.1268381,36.6795935,X,
143,110107000000,1101,690,14,백사장해수욕장 조망점,White Sandy Beach Viewpoint,419,250,25.95000076,126.3138935,36.5852572,X,110106000000
144,110107000000,1101,690,15,삼봉해수욕장 조망점,Sambong Beach Viewpoint,425,301,25.23999977,126.3143009,36.5713583,X,110106000000
145,110107000000,1101,690,16,기지포해수욕장 조망점,Gijipo Beach Viewpoint,777,298,27.40999985,126.319839,36.5651743,X,110106000000
146,110107000000,1101,690,17,두여해수욕장 조망점,Duyeo Beach Viewpoint,245,257,28.61000061,126.3296432,36.5426735,X,110106000000
147,110107000000,1101,690,18,굴혈포해수욕장 조망점,Gulhyeolpo Beach Viewpoint,0,0,29.12999916,126.2674744,36.6813857,X,
148,110107000000,1101,690,19,연포해수욕장 조망점,Yenpo Beach Viewpoint,307,38,30,126.2068354,36.6919704,X,110106000000
149,110107000000,1101,690,20,마검포해수욕장 조망점,Mageompo Beach Viewpoint,590,265,27.03000069,126.2886275,36.614447,X,110106000000
150,110107000000,1101,690,21,파도리해수욕장 조망점,Padori Beache Viewpoint,235,68,26.88999939,126.1333189,36.7385883,X,110106000000
151,110107000000,1101,690,22,어은돌해수욕장 조망점,Eoeundol Beach Viewpoint,469,287,26.45000076,126.1323597,36.7517616,X,110106000000
152,110107000000,1101,690,23,천리포해수욕장 조망점,Cheollipo Beach Viewpoint,168,89,27.10000038,126.1501552,36.8012782,X,110106000000
153,110107000000,1101,690,24,백리포해수욕장 조망점,Baekripo Beache Viewpoint,13,143,26.72999954,126.155087,36.8118953,X,110106000000
154,110107000000,1101,690,25,십리포(의항)해수욕장 조망점,Sipripo(Uihang)Beach Viewpoint,178,207,28.27000046,126.16098,36.8265469,X,110106000000
155,110107000000,1101,690,26,구름포해수욕장 조망점,Gureumpo Beach Viewpoint,143,192,23.87000084,126.1539432,36.8371828,X,110106000000
156,110107000000,1101,690,27,학암포해수욕장 조망점,Hakampo Beach Viewpoint,964,359,24.31999969,126.2047207,36.9002223,X,110106000000
157,110107000000,1101,690,29,신두리해안사구 조망점,Shinduri Coastal Dune Viewpoint,0,0,26.84000015,126.1950223,36.8444449,X,
158,110107000000,1101,690,30,달산포해변 조망점,Dalsanpo Beach Viewpoint,192,158,27.93000031,126.2966984,36.6539131,X,110106000000
159,110107000000,1101,690,31,먼동해변 조망점,Meondong Beach Viewpoint,0,0,28.35000038,126.1878275,36.8830498,X,
160,110107000000,1101,690,32,몽산포해변 조망점,Mongsanpo Beach Viewpoint,1690,157,27.28000069,126.2888204,36.6676115,X,110106000000
161,110107000000,1101,690,33,달산포해변 조망점,Dalsanpo Beach Viewpoint,780,280,32.75,126.2931913,36.66146,X,110106000000
162,110107000000,1101,690,34,청포대해변 조망점,Cheongpodae Beach Viewpoint,709,276,29.54000092,126.3003457,36.6429282,X,110106000000
163,110107000000,1101,690,35,구례포해변 조망점,Guryepo Beach Viewpoint,213,51,27.28000069,126.1980683,36.8867532,X,110106000000
164,110107000000,1101,690,36,할미할아비바위 조망점,Halmi Halahbi Rock Viewpoint,557,115,29.98999977,126.3343258,36.5017327,X,110106000000
165,120107000000,1201,690,1,신지도 갯벌 조망점,Sinjido Tidal Flats Viewpoint,0,0,33,126.805854,34.3334186,X,
166,120107000000,1201,690,2,상산 조망점,Sangsan Viewpoint,924,113,183.7599945,126.7941662,34.3243792,X,120106000000
167,120107000000,1201,690,3,명사십리 해수욕장 조망점,Myeongsasipri Beache Viewpoint,164,278,32.36999893,126.8074978,34.3281543,X,120106000000
168,120107000000,1201,690,4,정도리 구계등 명승 제3호 조망점,Jeongdori Gugyedeung Scenic Beauty No. 3,0,0,34.11999893,126.7086378,34.2982098,X,
169,120107000000,1201,690,5,대성산 조망점,Daeseongsan Viewpoint,0,0,74.48000336,126.9062221,34.1754324,X,
170,120107000000,1201,690,6,오산 조망점,Osan Viewpoint,0,0,74.48000336,126.9062222,34.1754314,X,
171,120107000000,1201,690,7,매봉산 조망점,Maebongsan Viewpoint,741,257,278.0599976,126.9113696,34.1687431,X,120106000000
172,120107000000,1201,690,8,대봉산 조망점,Daebongsan Viewpoint,2314,131,74.48000336,126.9062219,34.1754321,X,120106000000
173,120107000000,1201,690,9,대봉산 조망점,Daebongsan Viewpoint,3217,66,281.2999878,126.6602112,34.1562386,X,120106000000
174,120107000000,1201,690,10,가학산 조망점,Gahaksan Viewpoint,38,153,392.980011,126.6570033,34.1540811,X,120106000000
175,120107000000,1201,690,11,부흥산 조망점,Buheungsan Viewpoint,2012,278,392.980011,126.657004,34.1540815,X,120106000000
176,120107000000,1201,690,12,맹선리 상록수림 조망점,Maengseonri Evergreen Viewpoint,0,0,38.52000046,126.6367884,34.1508453,X,
177,120107000000,1201,690,13,미라리 상록수림 조망점,Mirari Evergreen Viewpoint,0,0,32.74000168,126.6683172,34.1437243,X,
178,120107000000,1201,690,14,예송리 상록수림 조망점,Yesongri Evergreen Viewpoint,0,0,97.98000336,126.5694909,34.1461049,X,
179,120107000000,1201,690,15,격자봉 조망점,Gyeokjabong Viewpoint,844,198,432.4400024,126.5491577,34.1383102,X,120106000000
180,120107000000,1201,690,16,망월봉 조망점,Mangwolbong Viewpoint,3290,183,432.4700012,126.5491035,34.1382971,X,120106000000
181,120107000000,1201,690,17,보죽산 조망점,Ppyojoksan Viewpoint,2055,234,349.5499878,126.5271124,34.1395226,X,120106000000
182,120107000000,1201,690,18,망향산 조망점,Manghyangsan Viewpoint,0,0,349.5499878,126.5271075,34.1395197,X,
183,120107000000,1201,690,19,상록수림 조망점,Evergreen Forest Viewpoint,0,0,33.13000107,127.4677715,34.4692987,X,
184,120107000000,1201,690,20,발포해수욕장 조망점,Balpo Beaches Viewpoint,201,35,28.69000053,127.3555475,34.4910592,X,120106000000
185,120107000000,1201,690,21,부채바위 조망점,Buchae Rock Viewpoint,0,0,31.51000023,127.3409947,34.4805448,X,
186,120107000000,1201,690,22,사자바위 조망점,Saja Rock Viewpoint,3988,341,89.65000153,127.4876497,34.4339029,X,120106000000
187,120107000000,1201,690,23,곡두여 조망점,Gokduyeo Viewpoint,1193,226,15.77999973,127.4899592,34.4142359,X,120106000000
188,120107000000,1201,690,24,왜가리 도래지 조망점,Herons doraeji Viewpoint,0,0,0,127.3409985,34.4805249,X,
189,120107000000,1201,690,25,장포산 조망점,Jangposan Viewpoint,0,0,420.0799866,127.502083,34.4421591,X,
190,120107000000,1201,690,26,봉래산 조망점,Bongraesan Viewpoint,1637,286,425.1000061,127.5020708,34.439065,X,120106000000
191,120107000000,1201,690,27,봉래산정상 조망점,Bongraesan Normal Viewpoint,1187,274,440.1300049,127.5058205,34.4354987,X,120106000000
192,120107000000,1201,690,28,마치산 조망점,Machisan Viewpoint,2064,350,436.3500061,127.5059349,34.4355264,X,120106000000
193,120107000000,1201,690,29,보죽산 조망점,Bojuksan Viewpoint,622,218,48.65000153,126.5193359,34.127977,X,120106000000
194,120107000000,1201,690,30,윤선도 원림(곡수당) 조망점,Yunseondo Garden(Goksudang) Viewpoint,0,0,77.38999939,126.545334,34.1478428,X,
195,120107000000,1201,690,31,윤선도 원림(낙서재) 조망점,Yunseondo Garden(Nakseojae) Viewpoint,0,0,99.62999725,126.5448261,34.1464159,X,
196,120107000000,1201,690,32,윤선도 원림(동천석실) 조망점,Yunseondo Garden(Dongcheonseoksil) Viewpoint,0,0,0,126.5466102,34.1489668,X,
197,120107000000,1201,690,33,보길도 백도리갯벌 조망점,Bogil Baekdori Tidal Flats Viewpoint,0,0,32.95000076,126.6208002,34.1571503,X,
198,120107000000,1201,690,34,유림해변 조망점,Yurim Beach Viewpoint,486,18,34.22000122,127.3040803,34.0198404,X,120106000000
199,120107000000,1201,690,35,비로봉 조망점,Birobong Viewpoint,0,0,189.6399994,127.298993,34.0155716,X,
200,120107000000,1201,690,36,신선바위 조망점,Fresh Rock Viewpoint,147,283,164.9400024,127.3066331,34.0137177,X,120106000000
201,120107000000,1201,690,37,수월산 조망점,Suwolsan Viewpoint,916,346,182.9100037,127.3110401,34.0136,X,120106000000
202,120107000000,1201,690,38,사자바위 조망점,Saja Rock Viewpoint,0,0,138.0299988,126.6230081,34.2400967,X,
203,120107000000,1201,690,39,윤선도 원림(세연정) 조망점,Yunseondo Garden (Seyeonjeong) Viewpoint,0,0,35.97000122,126.5559639,34.1622096,X,
204,120107000000,1201,690,40,우암성시열 글씐바위 조망점,Burg Ten Wooam Geulssuin Rocks Viewpoint,76,164,35.24000168,126.6240975,34.1570049,X,120106000000
205,120107000000,1201,690,41,중리 은모래 해변 조망점,Chungli Sand Beach Viewpoint,145,276,30.5,126.5884195,34.1622579,X,120106000000
206,120107000000,1201,690,42,통리 솔밭해변 조망점,Tongli Pine Beach Viewpoint,143,65,29.40999985,126.5778944,34.156786,X,120106000000
207,120107000000,1201,690,43,예송리 해변 조망점,Yesongri Beach Viewpoint,518,216,96.80000305,126.5694268,34.1461054,X,120106000000
208,120107000000,1201,690,44,흔들바위 조망점,Rocking Rocks Viewpoint,0,0,323.6199951,127.4255947,34.6301181,X,
209,120107000000,1201,690,45,유영봉 조망점,Yuyoungbong(1bong) Viewpoint,0,0,523.539978,127.4305115,34.6276603,X,
210,120207000000,1202,690,46,깃대봉(정상) 조망점,Gitdaebong(Top) Viewpoint,222,37,384.7900085,125.2032083,34.6968986,X,120206000000
211,120207000000,1202,690,47,깃대봉(원경) 조망점,Gitdaebong(So Far) Viewpoint,81,278,365.8099976,125.2049778,34.6988536,X,120206000000
212,120207000000,1202,690,48,초령목 자생지 조망점,Choryeongmok Habitats Viewpoint,0,0,36.65999985,125.4269509,34.6869066,X,
213,120207000000,1202,690,49,지도바위 조망점,Map Rocks Viewpoint,2063,184,50.09000015,125.4093821,34.6841668,X,120206000000
214,120207000000,1202,690,50,"상라산성,산라산 조망점",Sangrasan Viewpoint,0,0,219.0700073,125.4179053,34.6929894,X,
215,120207000000,1202,690,51,진리 석탑 석등 조망점,Truth Stone Pagoda Stone Ianterns Viewpoint,0,0,38.38000107,125.4257068,34.6947383,X,
216,120207000000,1202,690,52,홍도(몽돌) 해수욕장 조망점,Hongdo (Mongdol) Beaches Viewpoint,115,193,24.48999977,125.1915088,34.6856902,X,120206000000
217,120207000000,1202,690,53,홍도천연보호구역천연기념물제170호 조망점,Hongdo natural protected areas Viewpoint,0,0,29.45999908,125.1922509,34.6824932,X,
218,120207000000,1202,690,54,남문바위 조망점,Nammun Rock Viewpoint,0,0,25.11000061,125.1970533,34.674953,X,
219,120207000000,1202,690,55,실금리굴바위 조망점,Silgeumligul Rock Viewpoint,121,187,25.31999969,125.1869154,34.6708184,X,120206000000
220,120207000000,1202,690,56,시루떡바위 조망점,Sirutteok Rock Viewpoint,0,0,24.12000084,125.1778813,34.6726059,X,
221,120207000000,1202,690,57,거북바위 조망점,Turtle Rock Viewpoint,62,284,25.39999962,125.1923944,34.6937688,X,120206000000
222,120207000000,1202,690,58,만물상바위 조망점,Manmulsang Rock Viewpoint,0,0,25.12000084,125.1953448,34.6987343,X,
223,120207000000,1202,690,59,석화굴바위 조망점,Seokhwagul Rock Viewpoint,0,0,25.54999924,125.1998558,34.7059878,X,
224,120207000000,1202,690,60,독립문바위 조망점,Dongnimmun Rock Viewpoint,836,136,25.29000092,125.1963843,34.7117501,X,120206000000
225,120207000000,1202,690,61,양산봉 조망점,"Yangsnabong, Gitdaebong Viewpoint",4370,262,26.11000061,125.1911505,34.7168328,X,120206000000
226,120207000000,1202,690,62,탑섬 조망점,Tapseom Viewpoint,1000,95,26.30999947,125.2009379,34.7156411,X,120206000000
227,120207000000,1202,690,63,슬픈여바위 조망점,Sad Over Rocks Viewpoint,101,196,25.23999977,125.2104381,34.691484,X,120206000000
228,120207000000,1202,690,64,공작새바위 조망점,Peacock Rock Viewpoint,114,152,25.54000092,125.2088367,34.6888488,X,120206000000
229,120207000000,1202,690,65,깃대봉 조망점,Gitdaebong Viewpoint,0,0,0,125.1911582,34.7168297,X,
230,120207000000,1202,690,66,깃대봉 조망점,Gitdaebong Viewpoint,0,0,272.2799988,125.4342721,34.6761259,X,
231,120207000000,1202,690,67,칠락봉 조망점,Chilrakbong Viewpoint,0,0,318.75,125.4149049,34.6775524,X,
232,120207000000,1202,690,68,배낭기미해변 조망점,Baenanggimi Beache Viewpoint,0,0,25.26000023,125.4274202,34.6904791,X,
233,120107000000,1201,690,69,능가사 조망점,Neunggasa Viewpoint,0,0,69.30000305,127.4139167,34.639905,X,
234,120207000000,1202,690,70,칠락봉 조망점,Chilrakbong Viewpoint,0,0,322.2799988,125.4149193,34.6775062,X,
235,120207000000,1202,690,71,깃대봉 조망점,Gitdaebong Viewpoint,0,0,303.9200134,125.4128105,34.6750597,X,
236,120207000000,1202,690,72,샛개해수욕장 조망점,Saetgae Beache Viewpoint,0,0,27.39999962,125.4225708,34.6614168,X,
237,120207000000,1202,690,73,옥녀봉 조망점,Oknyeobong Viewpoint,1823,197,72.98000336,125.4135348,34.6442149,X,120206000000
238,120107000000,1201,690,74,강산폭포 조망점,Jinggangshan Waterfall Viewpoint,0,0,178.1900024,127.4479618,34.6333328,X,
239,120107000000,1201,690,75,선녀봉 조망점,Seonnyeobong Viewpoint,0,0,65.55999756,127.4427812,34.6408383,X,
240,120207000000,1202,690,76,돈목해수욕장 조망점,Donmok Beache Viewpoint,0,0,24.87000084,125.8272669,34.6058576,X,
241,120207000000,1202,690,77,우이도사구 조망점,Wooyido Four Viewpoint,0,0,25.01000023,125.827287,34.6060237,X,
242,120207000000,1202,690,78,상산봉 조망점,Sangsanbong Viewpoint,413,309,228.9799957,125.8423624,34.6133035,X,120206000000
243,120207000000,1202,690,79,시목해수욕장 조망점,Simok Beache Viewpoint,201,344,28.53000069,125.9514008,34.6731329,X,120206000000
244,120207000000,1202,690,80,원평해수욕장 조망점,Wonpyeong Beache Viewpoint,209,345,26.01000023,125.9171517,34.7766764,X,120206000000
245,120207000000,1202,690,81,하누넘사구 조망점,Hanuneom Dune Viewpoint,0,0,25.29999924,125.8946501,34.7511762,X,
246,120207000000,1202,690,82,하누넘해수욕장 조망점,Hanuneom Beache Viewpoint,58,177,0,125.8946643,34.751155,X,120206000000
247,120107000000,1201,690,83,거북목 조망점,Geobukmok Viewpoint,0,0,63.27999878,127.8043672,34.5943223,X,
248,120107000000,1201,690,84,향일암 조망점,Hyangilam Viewpoint,305,256,70.16000366,127.8047584,34.5939581,X,120106000000
249,120107000000,1201,690,85,금오봉 조망점,Kumohbong Viewpoint,0,0,252.7200012,127.7964063,34.5914012,X,
250,120107000000,1201,690,86,금오산 조망점,Geumosan Viewpoint,35,73,281.1199951,127.8019008,34.5903739,X,120106000000
251,120107000000,1201,690,87,흔들바위 조망점,Rocking Rock Viewpoint,0,0,180.3399963,127.8039767,34.5916531,X,
252,120107000000,1201,690,88,향일암 조망점,Hyangilam Viewpoint,38,272,180.7200012,127.803942,34.5916312,X,120106000000
253,120207000000,1202,690,89,손가락바위 조망점,Finger Rock Viewpoint,0,0,226.9299927,126.0355299,34.2915499,X,
254,120207000000,1202,690,90,돈대봉 원경 조망점,Dondaebong So Far Viewpoint,513,330,253.1900024,126.0373412,34.2919795,X,120206000000
255,120207000000,1202,690,91,돈대봉 정상 조망점,Dondaebong Top Viewpoint,74,164,296.3699951,126.0429439,34.2895075,X,120206000000
256,120207000000,1202,690,92,신전해변 조망점,Temple Beach Viewpoint,0,0,28.13999939,126.0728025,34.2836139,X,
257,120207000000,1202,690,93,방아섬 조망점,Banga Island Viewpoint,230,39,39.61000061,126.0607654,34.2494519,X,120206000000
258,120207000000,1202,690,94,돈대봉 조망점,Dondaebong Viewpoint,6137,94,187.0700073,126.0471404,34.23451,X,120206000000
259,120207000000,1202,690,95,관매도해변 조망점,Gwanmaedo Beach Viewpoint,446,52,29.07999992,126.0480092,34.2384034,X,120206000000
260,120207000000,1202,690,96,돌묘와 꽁돌 조망점,Dolmyo And Kkongdol Viewpoint,0,0,31.60000038,126.0407687,34.2309966,X,
261,120207000000,1202,690,97,돈대봉 조망점,Dondaebong Viewpoint,6435,97,246.6799927,126.0510174,34.2321429,X,120206000000
262,120207000000,1202,690,98,돈대봉 조망점,Dondaebong Viewpoint,6335,97,207.2799988,126.0515396,34.2331031,X,120206000000
263,120207000000,1202,690,99,돈대봉 조망점,Dondaebong Viewpoint,6262,99,161.5099945,126.0531049,34.2339656,X,120206000000
264,120207000000,1202,690,100,방아섬 조망점,Banga Island Viewpoint,1941,81,158.6399994,126.0594352,34.2334891,X,120206000000
265,120207000000,1202,690,101,방아섬 조망점,Banga Island Viewpoint,1548,81,58.56000137,126.0601586,34.2369826,X,120206000000
266,120107000000,1201,690,102,코끼리바위 조망점,Kkoggiri Rock Viewpoint,1163,55,25.59000015,127.7874207,34.4218,X,120106000000
267,120107000000,1201,690,103,코굴 조망점,Kogul Viewpoint,346,170,30.62999916,127.8025806,34.4100798,X,120106000000
268,120107000000,1201,690,104,상산 조망점,Sangsan(Andori) Viewpoint,753,346,30.79999924,127.8043203,34.4871925,X,120106000000
269,120107000000,1201,690,105,이야포 몽돌해수욕장 조망점,Iyapo Mongpol Beache Viewpoint,0,0,25.59000015,127.7874207,34.4218,X,
270,120207000000,1202,690,106,신금산 정상 조망점,Shingeumshan Top Viewpoint,626,11,257,126.0569172,34.2987389,X,120206000000
271,120207000000,1202,690,107,신금산 원경 조망점,Shingeumshan So Far Viewpoint,197,349,227.3600006,126.0614759,34.3002023,X,120206000000
272,120207000000,1202,690,108,산행 곤우 갯벌 조망점,Hiking Gonwoo Tidal Flats Viewpoint,0,0,27.19000053,126.025509,34.2991085,X,
273,120207000000,1202,690,109,신육리 갯벌 조망점,Sinyukri Tidal Flats Viewpoint,0,0,27.88999939,126.0538078,34.2879686,X,
274,120207000000,1202,690,110,하조도 명지 갯벌 조망점,Hajodo Myongji Tidal Flats Viewpoint,0,0,26.59000015,126.0268317,34.3116809,X,
275,120207000000,1202,690,111,상조도 일원 갯벌 조망점,Sangjodo One Won Tidal Flats Viewpoint,0,0,26.57999992,126.0460645,34.3226213,X,
276,120207000000,1202,690,112,하늘다리 조망점,HaneulDari Viewpoint,0,0,38.5,126.025615,34.2304689,X,
277,120107000000,1201,690,113,문바위 조망점,Mun Rock Viewpoint,7268,297,358.7399902,127.7388744,34.546293,X,120106000000
278,120107000000,1201,690,114,대부산 조망점,Daebusan Viewpoint,0,0,411.3699951,127.7290419,34.5392785,X,
279,120207000000,1202,690,115,대마도 조망점,Daemado Viewpoint,6744,250,243.3300018,126.0051822,34.3281054,X,120206000000
280,120207000000,1202,690,116,병풍도 조망점,Byeongpungdo Viewpoint,1996,252,243.4199982,126.005184,34.3281,X,120206000000
281,120207000000,1202,690,117,백야도 조망점,Baekyado Viewpoint,5693,91,239.3099976,126.0053615,34.3282112,X,120206000000
282,120107000000,1201,690,118,신지도 신리갯벌 조망점,Sinjido Sinri Tidal Flats Viewpoint,0,0,29.45000076,126.8060839,34.3337583,X,
283,150107000000,1501,690,1,만경대 조망점,Mankyeongdae from Baekundae peak Viewpoint,304,153,818,126.9779942,37.6586446,X,
284,150107000000,1501,690,2,오봉 조망점,Obong Viewpoint,1200,18,301,126.9957928,37.6856934,X,
285,150107000000,1501,690,3,해골바위 조망점,Haegolbawi Rock Viewpoint,1260,9,450,127.0256956,37.6997722,X,
286,150107000000,1501,690,4,망월사 조망점,Mangwolsa Viewpoint,1251,60,436,127.0264115,37.7003811,X,
287,150107000000,1501,690,5,해골바위 조망점,Haegolbawi Rock Viewpoint,1498,132,455,127.0152411,37.7198595,X,
288,170107000000,1701,690,1,장군봉 조망점,Janggunbong Viewpoint,279,135,287.4700012,126.7134801,34.7708927,X,170106000000
289,170107000000,1701,690,2,책바위 조망점,Chaek Rock Viewpoint,0,0,426.8999939,126.7097654,34.7697686,X,
290,170107000000,1701,690,3,육형제바위 조망점,Yukhyeongje Rock Viewpoint,0,0,564.5,126.7079447,34.7698634,X,
291,170107000000,1701,690,4,사자사 목탑지 조망점,Sajasamoktapji Viewpoint,0,0,228.6699982,126.7172208,34.7713137,X,
292,170107000000,1701,690,5,거북바위 조망점,Geobuk Rock Viewpoint,0,0,127.6800003,126.7200118,34.7741757,X,
293,170107000000,1701,690,6,주지봉 조망점,Jujibong Viewpoint,3115,203,371.6799927,126.6804418,34.7559486,X,170106000000
294,170107000000,1701,690,7,미왕재 정상바위 조망점,Miwangjae Rock Viewpoint,,,,,,,
,0,0,564.7800293,126.6862274,34.7532682,X,,,,,,,
295,170107000000,1701,690,8,미왕재 삼거리 조망점,Miwangjae samgeoli Viewpoint,0,0,567.6099854,126.6858602,34.7531071,X,
296,170107000000,1701,690,9,미왕재 억새밭 조망점,Miwangjae eogsaebat Viewpoint,76,68,567.5300293,126.6858587,34.7531074,X,170106000000
297,170107000000,1701,690,10,노적봉 조망점,Nojeokbong Viewpoint,1711,132,567.1400146,126.6858221,34.753125,X,170106000000
298,170107000000,1701,690,11,도갑산 조망점,Dogapsan Viewpoint,1525,218,567.5200195,126.6857635,34.753104,X,170106000000
299,170107000000,1701,690,12,노적봉 조망점,Nojeokbong Viewpoint,1637,128,559.3200073,126.684332,34.7529512,X,170106000000
300,170107000000,1701,690,13,주지봉 조망점,Jujibong Viewpoint,3345,195,559.25,126.684333,34.7529545,X,170106000000
301,170107000000,1701,690,14,월각산 조망점,Wolgaksan Viewpoint,4486,269,559.3599854,126.6843302,34.7529564,X,170106000000
302,170107000000,1701,690,15,향토봉 조망점,Hyangtobong Viewpoint,0,0,559.2999878,126.6843308,34.7529582,X,
303,170107000000,1701,690,16,억새밭 조망점,eogsaebat Viewpoint,0,0,572.9500122,126.6862772,34.7537228,X,
304,170107000000,1701,690,17,삼동석 조망점,Samdongseok Viewpoint,0,0,720.2600098,126.6937106,34.7602993,X,
305,170107000000,1701,690,18,월출산 마애여래좌상 조망점,Wolchulsan Maaeyeoraejwasang Viewpoint,0,0,606.1099854,126.6897152,34.7645713,X,
306,170107000000,1701,690,19,삼층석탑 조망점,Samcheukseoktap Viewpoint,0,0,606.1500244,126.6896968,34.7645662,X,
307,170107000000,1701,690,20,월출산 용암사지 석탑 조망점,Wolchulsan Yongamsaji Seoktap Viewpoint,0,0,577.8200073,126.6904188,34.76284,X,
308,170107000000,1701,690,21,사자봉 조망점,Sajabong Viewpoint,982,11,0,126.70156,34.7650748,X,170106000000
309,170107000000,1701,690,22,장군봉 조망점,Janggunbong Viewpoint,923,45,827.8099976,126.7041967,34.7668016,X,170106000000
310,170107000000,1701,690,23,구정봉 조망점,Gujeongbong Viewpoint,1097,211,834.9199829,126.703974,34.7666513,X,170106000000
311,170107000000,1701,690,24,향로봉 조망점,Hyangrobong Viewpoint,1274,220,834.0200195,126.7039609,34.766628,X,170106000000
312,170107000000,1701,690,25,노적봉 조망점,Nojokbong Viewpoint,,,,,,,
,2815,185,833.039978,126.7039349,34.7666808,X,1.70E+11,,,,,,
313,170107000000,1701,690,26,사리봉 조망점,Saribong Viewpoint,3104,155,833,126.7039357,34.7666823,X,170106000000
314,170107000000,1701,690,27,거북바위 조망점,Geobuk Rock Viewpoint,0,0,831.5300293,126.7041233,34.7667814,X,
315,170107000000,1701,690,28,불상바위 조망점,Buddha Rock ViewPoint,0,0,800.2299805,126.7035306,34.7663695,X,
316,170107000000,1701,690,29,영암바위 조망점,Yeongam Rock Viewpoint,0,0,705.1799927,126.7015436,34.76473,X,
317,170107000000,1701,690,30,구멍바위 조망점,Gumeong Rock Viewpoint,,,,,,,
,0,0,680.8300171,126.7007879,34.7635803,X,,,,,,,
318,170107000000,1701,690,31,거북바위 조망점,Geobuk Rock Viewpoint,0,0,679.5300293,126.7007925,34.763584,X,
319,170107000000,1701,690,32,돼지바위 조망점,Dwaeji Rock Viewpoint,0,0,660.5999756,126.7004857,34.7633343,X,
320,170107000000,1701,690,33,남근바위 조망점,Namgeun Rock Viewpoint,52,47,641.4400024,126.6990117,34.7618806,X,170106000000
321,170107000000,1701,690,34,사랑바위 조망점,Sarang Rock Viewpoint,0,0,641.039978,126.6990028,34.7618763,X,
322,170107000000,1701,690,35,동자바위 조망점,Dongjabawi Rock Viewpoint,0,0,639.8400269,126.6983885,34.7613493,X,
323,170107000000,1701,690,36,장군바위 조망점,Janggun Rock Viewpoint,0,0,639.7399902,126.6983836,34.7613468,X,
324,170107000000,1701,690,37,영암바위 조망점,Yeongam Rock Viewpoint,0,0,639.9199829,126.6983763,34.761357,X,
325,170107000000,1701,690,38,의자바위 조망점,Uija Rock Viewpoint,0,0,639.7700195,126.6983717,34.7613389,X,
326,170107000000,1701,690,39,경포계곡 조망점,Gyeongpo Valley Viewpoint,0,0,333.8099976,126.7063219,34.7553798,X,
327,170107000000,1701,690,40,금릉경포대 조망점,Keumleung Gyeongpodae Viewpoint,0,0,237.4100037,126.7087502,34.7497178,X,
328,170107000000,1701,690,41,왕인석상 조망점,Wanginseoksang Viewpoint,0,0,195.4499969,126.6440073,34.7583504,X,
329,170107000000,1701,690,42,책굴 조망점,Chaekgul Viewpoint,0,0,195.0099945,126.6440549,34.7583549,X,
330,170107000000,1701,690,43,문산재 조망점,Munsanje Viewpoint,0,0,168.5200043,126.6439851,34.7577161,X,
331,170107000000,1701,690,44,양사재 조망점,Yangsaje Viewpoint,0,0,168.8200073,126.6438123,34.7577436,X,
332,170107000000,1701,690,45,왕인박사유적지 조망점,Wanginbaksa Sites Viewpoint,0,0,43.59999847,126.6286132,34.7570431,X,
333,170107000000,1701,690,46,도갑사대웅전 조망점,Wanginbaksa Sites Viewpoint,0,0,121.5100021,126.6628535,34.7527836,X,
334,170107000000,1701,690,47,도갑사 오층석탑 조망점,Dogapsa Ohcheungseoktap Viewpoint,0,0,119.4800034,126.6628484,34.7528234,X,
335,170107000000,1701,690,48,월출산 조망점,Wolchulsan Viewpoint,0,0,119.5699997,126.6628104,34.7529654,X,
336,170107000000,1701,690,49,도갑사 수미왕사비 조망점,Dogapsa Sumi Wangsabi Viewpoint,0,0,125.1299973,126.6634429,34.752399,X,
337,170107000000,1701,690,50,도선국사진영 조망점,Doseonguksajinyoung VIewPoint,0,0,120.5199966,126.6634609,34.7525813,X,
338,170107000000,1701,690,51,용수폭포 조망점,Yongsupokpo Viewpoint,0,0,123.2300034,126.6638719,34.7536032,X,
339,170107000000,1701,690,52,도갑사 석조여래좌상 조망점,Dogapsa Seokjoyeoraejwasang Viewpoint,0,0,135.2799988,126.6638513,34.753942,X,
340,170107000000,1701,690,53,도선수미비 조망점,Doseonsumibi Viewpoint,0,0,137.9600067,126.6652906,34.7544102,X,
341,170107000000,1701,690,54,목조문수 조망점,Mokjomunsu Viewpoint,0,0,121.1699982,126.6626906,34.7527215,X,
342,170107000000,1701,690,55,가세바위 조망점,Gasebawi Viewpoint,0,0,108.4000015,126.651012,34.7585652,X,
343,170107000000,1701,690,56,보현동자상 조망점,Bohyeondongjwasang Viewpoint,0,0,0,126.6621975,34.7527835,X,
344,170107000000,1701,690,57,도갑사석조 조망점,Dogapsaseokjo Viewpoint,0,0,0,126.6652624,34.7544024,X,
345,170107000000,1701,690,58,도선국사수미선사비 조망점,Doseongugsasumiseonsabi Viewpoint,0,0,0,126.6652741,34.7544296,X,
346,170107000000,1701,690,59,수미왕사진영 조망점,Sumiwangsajinyeong Viewpoint,0,0,0,126.6634269,34.7525695,X,
347,170107000000,1701,690,60,무위사 삼층석탑 조망점,Muwisa samcheungseogtab Viewpoint,0,0,177.25,126.6865575,34.738598,X,
348,170107000000,1701,690,61,무위사 선각대사탑비 조망점,Muwisa seongagdaesatabbi Viewpoint,0,0,177.8000031,126.6863638,34.7387066,X,
349,170107000000,1701,690,62,무위사 극락모전 조망점,Muwisa geuglagmojeon Viewpoint,0,0,177.0399933,126.6867843,34.7387092,X,
350,170107000000,1701,690,63,무위사 내벽사면벽화 조망점,Muwisa naebyeogsamyeonbyeoghwa Viewpoint,0,0,177.1399994,126.686352,34.7385219,X,
351,170107000000,1701,690,64,무위사 여래삼존벽화 조망점,Muwisa yeolaesamjonbyeoghwa Viewpoint,0,0,176.0200043,126.6867812,34.7387133,X,
352,170107000000,1701,690,65,무위사 백의관음도 조망점,Muwisa baeguigwaneumdo Viewpoint,0,0,175.0500031,126.6867851,34.7387145,X,
353,170107000000,1701,690,66,미왕재 조망점,Miwangjae Viewpoint,85,292,566.0700073,126.6851957,34.7529467,X,170106000000
354,170107000000,1701,690,67,바람계곡 조망점,Balamgyegog Viewpoint,0,0,364.6099854,126.7115492,34.7700345,X,
355,30106900001,301,690,1,금산 조망점,Geumsan Viewpoint,560,27,637.0599976,127.9802237,34.7493864,X,30106010016
356,30106900002,301,690,2,비진도해수욕장 조망점,Bijindo Beach Viewpoint,44,357,44.13000107,128.4600514,34.7162594,X,30106050010
357,30106900003,301,690,3,비진도해수욕장 조망점,Bijindo Beach Viewpoint,204,190,32.65999985,128.4604371,34.7188731,X,30106050010
358,70106900001,701,690,1,가산 조망점,Gasan Viewpoint,3819,69,1082.670044,128.0956532,35.7726635,X,70106010020
359,70106900002,701,690,2,두리봉 조망점,Duribong Peak Viewpoint,6448,355,1082.829956,128.095658,35.7726649,X,70106010017
360,70106900003,701,690,3,매화산 조망점,Maehasan Viewpoint,936,153,1082.800049,128.0956546,35.7726637,X,70106010016
361,70106900004,701,690,4,남산제일봉 조망점,Namsan Jeilbong Peak Viewpoint,114,133,1024.48999,128.0946981,35.7734265,X,70106010005
362,70106900005,701,690,5,상왕봉 조망점,Sangwanbong Peak Viewpoint,208,300,1456.540039,128.1225537,35.8225879,X,70106010002
363,70106900006,701,690,6,동성봉 조망점,Dongsungbong Peak Viewpoint,1391,79,1312.459961,128.1244303,35.8204915,X,70106010015
364,70106900007,701,690,7,비봉산 조망점,Bibongsan Viewpoint,3423,349,1082.829956,128.095658,35.7726649,X,70106010019
365,70106900008,701,690,8,오봉산 조망점,Obongsan Viewpoint,838,349,1082.839966,128.095658,35.772665,X,70106010018
366,80106900001,801,690,1,무룡산 조망점,Muryongsan Peak Viewpoint,7014,199,1602,127.7462533,35.8598245,X,80106010002
367,80106900002,801,690,2,덕유평전 및 향적봉 조망점,Deokyupyeongjeon and Hyangjeokbong Peak Viewpoint,519,35,1485,127.7439502,35.847466,X,80106090001
368,80106900003,801,690,3,칠연계곡 조망점,Chilyeon Valley Viewpoint,561,98,587,127.700569,35.8376698,X,80106030002
369,130107000000,1301,690,1,남대봉 조망점,Namdaebong Peak Viewpoint,2999,147,1027,128.0338799,37.3310182,X,130106000000
370,130107000000,1301,690,2,남대봉 조망점,Namdaebong Peak Viewpoint,665,140,1122,128.0473041,37.3127064,X,130106000000
371,130107000000,1301,690,3,시명봉 조망점,Simyeongbong Peak Viewpoint,2050,176,1128,128.0472993,37.312664,X,130106000000
372,130107000000,1301,690,4,시명봉 조망점,Simyeongbong Peak Viewpoint,1530,191,1176,128.0520627,37.3080442,X,130106000000
373,130107000000,1301,690,5,투구봉 및 삼봉 조망점,Tugubong Peak and Sambong Peak Viewpoint,2057,338,1107,128.0465178,37.3590036,X,130106000000
374,130107000000,1301,690,6,비로봉 조망점,Birobong Peak Viewpoint,853,68,1130,128.046601,37.3622526,X,130106000000
375,130107000000,1301,690,7,비로봉 조망점,Birobong Peak Viewpoint,335,104,1220,128.0519818,37.366004,X,130106000000
376,140107000000,1401,690,1,석문 조망점,Stone Gate Viewpoint,14,113,217.7899933,128.3432614,37.0036729,X,140106000000
377,140107000000,1401,690,2,북바위산 조망점,Bukbawisan Viewpoint,3414,288,343.5700073,128.0958048,36.8342158,X,140106000000
378,140107000000,1401,690,3,북바위산 조망점,Bukbawisan Viewpoint,3442,288,343.9700012,128.0961818,36.8343302,X,140106000000
379,140107000000,1401,690,4,영봉 조망점,Yeongbong Viewpoint,474,137,978.960022,128.102197,36.8892078,X,140106000000
380,140107000000,1401,690,5,포암산 조망점,Poamsan Viewpoint,1004,41,561.0200195,128.1109636,36.8147307,X,140106000000
381,140107000000,1401,690,6,부봉 조망점,Bubong Viewpoint,292,284,868.0499878,128.0865966,36.7990054,X,140106000000
382,140107000000,1401,690,7,만수봉 조망점,Mansubong Viewpoint,5613,33,940.0499878,128.0839715,36.7996709,X,140106000000
383,140107000000,1401,690,8,마패봉 조망점,Mapaebong Viewpoint,2921,310,944,128.08399,36.7996853,X,140106000000
384,140107000000,1401,690,9,도락산 조망점,Doraksan Viewpoint,640,115,860.3200073,128.3047311,36.8588159,X,140106000000
385,140107000000,1401,690,10,영봉 조망점,Yeongbong Viewpoint,6243,41,786.8499756,128.0596085,36.843799,X,140106000000
386,140107000000,1401,690,11,만수봉 조망점,Mansubong Viewpoint,5316,92,787.3200073,128.0596001,36.8438029,X,140106000000
387,140107000000,1401,690,12,옥순봉 조망점,Oksunbong Viewpoint,1103,308,361.75,128.2468908,36.9374856,X,140106000000
388,140107000000,1401,690,13,구담봉 조망점,Gudambong Viewpoint,1112,128,314.8699951,128.2372678,36.9437066,X,140106000000
389,140107000000,1401,690,14,금수산 조망점,Geumsusan Viewpoint,7128,349,749.0700073,128.2711394,36.9218113,X,140106000000
390,140107000000,1401,690,15,가은산 조망점,Gaeunsan Viewpoint,3835,340,749.0200195,128.2711394,36.9218109,X,140106000000
391,140107000000,1401,690,16,말목산 조망점,Malmoksan Viewpoint,2353,7,748.8800049,128.2711389,36.9218112,X,140106000000
392,140107000000,1401,690,17,제비봉 조망점,Jebibong Viewpoint,1540,117,324.8500061,128.2559113,36.9280922,X,140106000000
393,140107000000,1401,690,18,부봉 조망점,Bubong Viewpoint,2887,130,955.210022,128.0590685,36.8167976,X,140106000000
394,140107000000,1401,690,19,영봉 조망점,Yeongbong Viewpoint,1306,7,940.7000122,128.1038069,36.8744087,X,140106000000
395,180107000000,1801,690,1,의상봉 조망점,Uisangbong Viewpoint,1834,280,330.6700134,126.6170157,35.6749126,X,180106000000
396,180107000000,1801,690,6,관음봉 조망점,Gwaneumbong Viewpoint,331,5,298.2399902,126.5821879,35.6201558,X,180106000000
397,180107000000,1801,690,2,세봉 조망점,Sebong Viewpoint,1089,354,67.95999908,126.5877529,35.6167547,X,180106000000
398,180107000000,1801,690,8,의상봉 조망점,Uisangbong Viewpoint,1454,327,215.9100037,126.6057602,35.6665933,X,180106000000
399,180107000000,1801,690,7,용각봉 조망점,Yonggakbong Viewpoint,802,248,228.8600006,126.6251246,35.6279531,X,180106000000
400,180107000000,1801,690,3,옥녀봉 조망점,Oknyeobong Viewpoint,1351,324,66.73000336,126.6312605,35.6257225,X,180106000000
401,180107000000,1801,690,4,쌍선봉 조망점,Ssangseonbong Viewpoint,507,124,345.769989,126.5535163,35.6473209,X,180106000000
402,180107000000,1801,690,5,닭이봉 조망점,Dakibong Viewpoint,1216,175,38.56999969,126.4663328,35.6354868,X,180106000000
